{
  "themeMult": 0.9653625994595214,
  "healthMult": 1.1956271090622634,
  "tradDisc": 0.8988128110935669,
  "mainMult": 0.9523039144479326,
  "osScale": -0.10869671353170986,
  "upsideScale": -0.006542956162706335
}