{
  "themeMult": 0.8383931617834344,
  "healthMult": 1.0055539449027364,
  "tradDisc": 0.7981841962815805,
  "mainMult": 1.118082022412041,
  "osScale": 0.1433516081778211,
  "upsideScale": -0.03317267223840746,
  "peScale": -0.040470017612177125,
  "loocvHitRate": "88.0",
  "loocvOverallAcc": "76.74"
}